{"errors":[],"warnings":[],"namedChunkGroups":{"app":{"chunks":[5,2],"assets":["webpack-runtime-1c839cfaae899004b8b0.js","webpack-runtime-1c839cfaae899004b8b0.js.map","app-9c010a28ebc3ae57a5b4.js","app-9c010a28ebc3ae57a5b4.js.map"],"children":{},"childAssets":{}},"component---src-pages-404-js":{"chunks":[0,1,3],"assets":["styles.8b898ecfb2a3b79b28ab.css","styles-1a853383fffea104facb.js","styles-1a853383fffea104facb.js.map","1-d8375e1106c56044119b.js","1-d8375e1106c56044119b.js.map","component---src-pages-404-js-481fb868e645d751d2a8.js","component---src-pages-404-js-481fb868e645d751d2a8.js.map"],"children":{},"childAssets":{}},"component---src-pages-index-js":{"chunks":[0,1,4],"assets":["styles.8b898ecfb2a3b79b28ab.css","styles-1a853383fffea104facb.js","styles-1a853383fffea104facb.js.map","1-d8375e1106c56044119b.js","1-d8375e1106c56044119b.js.map","component---src-pages-index-js-bc2203bf13521c582bd3.js","component---src-pages-index-js-bc2203bf13521c582bd3.js.map"],"children":{},"childAssets":{}}},"assetsByChunkName":{"app":["webpack-runtime-1c839cfaae899004b8b0.js","app-9c010a28ebc3ae57a5b4.js"],"component---src-pages-404-js":["styles.8b898ecfb2a3b79b28ab.css","styles-1a853383fffea104facb.js","1-d8375e1106c56044119b.js","component---src-pages-404-js-481fb868e645d751d2a8.js"],"component---src-pages-index-js":["styles.8b898ecfb2a3b79b28ab.css","styles-1a853383fffea104facb.js","1-d8375e1106c56044119b.js","component---src-pages-index-js-bc2203bf13521c582bd3.js"]}}